Date,Price,SMA,EMA,RSI,BB_Mid,BB_Upper,BB_Lower,MACD,Signal,Histogram,Stoch_K,Stoch_D,ATR
2025-11-04,444.26,nan,nan,nan,nan,nan,nan,nan,nan,nan,nan,nan,nan
2025-11-05,462.07,nan,nan,nan,nan,nan,nan,8.19495,nan,nan,nan,nan,nan
2025-11-06,445.91,nan,nan,nan,nan,nan,nan,7.06894,nan,nan,nan,nan,nan
2025-11-07,429.52,nan,nan,nan,nan,nan,nan,7.52692,nan,nan,nan,nan,nan
2025-11-10,445.23,nan,nan,nan,nan,nan,nan,6.51086,nan,nan,nan,nan,nan
2025-11-11,439.62,nan,nan,nan,nan,nan,nan,4.33316,nan,nan,nan,nan,nan
2025-11-12,430.6,nan,nan,nan,nan,nan,nan,3.83078,nan,nan,nan,nan,nan
2025-11-13,401.99,438.367,438.367,nan,438.367,457.815,418.918,2.94601,nan,nan,nan,nan,nan
2025-11-14,404.35,438.827,439.705,nan,438.827,459.13,418.524,1.49973,nan,nan,nan,nan,nan
2025-11-17,408.92,439.618,441.69,nan,439.618,461.915,417.322,-1.9328,4.44206,-6.37486,nan,nan,nan
2025-11-18,401.25,439.721,443.578,nan,439.721,462.397,417.045,-4.4118,2.67129,-7.08309,nan,nan,nan
2025-11-19,403.99,439.926,443.247,nan,439.926,462.538,417.314,-5.93921,0.949188,-6.8884,nan,nan,nan
2025-11-20,395.23,441.263,444.515,48.8676,441.263,464.481,418.044,-7.68005,-0.77666,-6.90339,nan,nan,21.08
2025-11-21,391.09,442.018,446.786,51.3387,442.018,467.612,416.425,-8.73788,-2.36891,-6.36898,29.1737,nan,20.3236
2025-11-24,417.78,442.577,446.546,49.7971,442.577,467.853,417.301,-10.1659,-3.9283,-6.23759,46.9814,nan,19.3898
2025-11-25,419.4,443.746,448.024,48.6155,443.746,470.324,417.168,-11.4991,-5.44247,-6.05665,60.6745,45.6099,19.1861
2025-11-26,426.58,444.265,447.823,51.9979,444.265,470.585,417.944,-10.2835,-6.41067,-3.87281,52.5295,53.3952,20.3514
2025-11-28,430.17,445.066,446.08,46.9267,445.066,468.395,421.737,-9.08466,-6.94547,-2.13919,65.3682,59.5241,20.4342
2025-12-01,430.14,445.533,445.999,52.9786,445.533,468.48,422.585,-7.46909,-7.05019,-0.418896,89.1449,69.0142,20.8632
2025-12-02,429.24,446.052,445.391,55.3618,446.052,467.947,424.156,-5.83185,-6.80652,0.974673,54.0141,69.5091,20.4729
2025-12-03,446.74,445.824,443.983,55.6476,445.824,468.256,423.392,-4.48505,-6.34223,1.85718,84.1101,75.7563,19.9427
2025-12-04,454.53,444.486,439.983,48.2297,444.486,473.157,415.815,-3.45053,-5.76389,2.31336,88.3888,75.5043,20.0825
2025-12-05,455,442.738,436.59,53.3755,442.738,476.303,409.173,-1.20468,-4.85205,3.64736,90.117,87.5386,19.9266
2025-12-08,439.58,440.812,433.955,56.7009,440.812,477.365,404.26,1.19003,-3.64363,4.83366,49.3409,75.9489,19.9512
2025-12-09,445.17,438.745,430.84,49.015,438.745,479.136,398.354,3.09015,-2.29687,5.38702,80.339,73.2656,20.2954
2025-12-10,451.45,436.996,428.283,53.9778,436.996,480.132,393.86,3.31357,-1.17479,4.48835,90.5268,73.4022,20.6757
2025-12-11,446.89,434.309,425.135,49.2896,434.309,480.698,387.919,3.89676,-0.160477,4.05724,50.4571,73.7743,21.5103
2025-12-12,458.96,432.177,421.892,45.0189,432.177,482.25,382.104,4.81024,0.833667,3.97657,80.0565,73.6801,21.6903
2025-12-15,475.31,430.445,421.501,49.5327,430.445,479.991,380.899,5.10736,1.68841,3.41896,53.1993,61.2376,21.5804
2025-12-16,489.88,428.388,421.301,48.0167,428.388,476.148,380.627,6.24478,2.59968,3.6451,25.9598,53.0718,20.9582
2025-12-17,467.26,426.641,421.803,45.6002,426.641,471.919,381.363,8.36905,3.75355,4.61549,52.0692,43.7427,20.5875
2025-12-18,483.37,426.144,422.6,38.911,426.144,471.037,381.252,11.1003,5.2229,5.87738,42.7455,40.2582,21.5641
2025-12-19,481.2,424.824,423.318,39.6969,424.824,467.562,382.086,11.3092,6.44015,4.86902,16.7082,37.1743,22.1246
2025-12-22,488.73,422.867,423.882,41.2723,422.867,460.76,384.974,12.6291,7.67794,4.95115,7.26874,22.2408,22.3457
2025-12-23,485.56,422.991,426.059,39.4113,422.991,461.178,384.804,13.3462,8.81159,4.53458,23.628,15.8683,21.836
2025-12-24,485.4,422.614,428.771,40.4444,422.614,459.373,385.855,14.3566,9.92058,4.43599,28.634,19.8436,21.2248
2025-12-26,475.19,423.068,431.269,38.2017,423.068,461.168,384.969,14.7317,10.8828,3.84891,20.2322,24.1648,22.1516
2025-12-29,459.64,423.571,432.06,37.1532,423.571,462.26,384.883,14.845,11.6752,3.16975,23.2336,24.0333,21.9294
2025-12-30,454.43,423.568,433.309,47.2125,423.568,462.25,384.887,13.9501,12.1302,1.81988,13.6379,19.0346,22.5508
2025-12-31,449.72,424.16,435.037,47.7591,424.16,464.145,384.175,11.8495,12.0741,-0.224562,9.81457,15.562,21.9779
2026-01-02,438.07,424.974,436.165,50.2193,424.974,466.099,383.85,9.65314,11.5899,-1.93675,41.3369,21.5965,21.1259
2026-01-05,451.67,427.823,438.336,51.4504,427.823,470.061,385.584,7.44659,10.7612,-3.31464,43.2503,31.4673,20.0976
2026-01-06,432.96,431.371,441.858,51.439,431.371,476.918,385.824,4.70358,9.5497,-4.84612,65.4791,50.0221,19.2599
2026-01-07,431.41,435.419,446.431,51.0718,435.419,486.339,384.499,3.58585,8.35693,-4.77109,70.8461,59.8585,18.9328
2026-01-08,435.8,438.719,448.415,57.4338,438.719,488.905,388.534,1.1767,6.92088,-5.74419,79.3167,71.8807,18.9148
2026-01-09,445.01,442.689,451.744,59.9314,442.689,493.806,391.571,-0.84787,5.36713,-6.215,78.0198,76.0609,18.2237
2026-01-12,448.96,446.987,454.549,60.0836,446.987,495.826,398.148,-2.07422,3.87886,-5.95308,98.1885,85.175,17.437
2026-01-13,447.2,451.869,457.805,52.9749,451.869,496.742,406.996,-2.27667,2.64776,-4.92443,99.8608,92.023,17.6022
2026-01-14,439.2,455.258,460.448,55.0511,455.258,499.555,410.961,-2.09424,1.69936,-3.7936,94.8476,97.6323,17.5371
2026-01-15,438.57,458.558,462.824,57.3303,458.558,501.491,415.625,-2.06784,0.945917,-3.01376,74.3176,89.6753,17.2323
2026-01-16,437.5,460.988,464.002,55.1438,460.988,501.859,420.118,-2.66177,0.224379,-2.88615,81.7601,83.6418,16.7957
2026-01-20,419.25,462.462,463.587,59.5422,462.462,500.83,424.094,-3.14703,-0.449903,-2.69713,90.1212,82.0663,17.1203
2026-01-21,431.44,463.677,462.715,64.6053,463.677,499.316,428.037,-3.57672,-1.07527,-2.50145,84.0501,85.3105,17.5266
2026-01-22,449.36,464.701,461.477,68.4003,464.701,497.377,432.024,-5.32843,-1.9259,-3.40253,93.4593,89.2102,18.1083
2026-01-23,449.06,464.267,459.248,58.0025,464.267,498.095,430.439,-5.66772,-2.67426,-2.99346,91.4805,89.6633,18.892
2026-01-26,435.2,464.124,458.526,62.3878,464.124,498.139,430.109,-4.43945,-3.0273,-1.41215,97.8287,94.2562,19.2283
2026-01-27,430.9,463.022,456.091,61.4569,463.022,499.488,426.556,-3.45047,-3.11194,-0.338534,61.7005,83.6699,18.9813
2026-01-28,431.46,462.614,453.741,63.4926,462.614,500.284,424.943,-3.74194,-3.23794,-0.504006,83.7207,81.0833,18.8847
2026-01-29,416.56,462.145,452.032,62.0078,462.145,500.889,423.401,-4.27066,-3.44448,-0.826178,80.7546,75.3919,18.188
2026-01-30,430.41,461.823,451.363,61.9291,461.823,501.022,422.624,-4.59158,-3.6739,-0.917681,85.0857,83.187,17.896
2026-02-02,421.81,461.926,451.134,56.96,461.926,500.977,422.875,-5.97928,-4.13498,-1.8443,79.1287,81.6563,17.7084
2026-02-03,421.96,461.338,450.76,50.3355,461.338,500.901,421.776,-5.89352,-4.48669,-1.40684,78.877,81.0305,17.5999
2026-02-04,406.01,459.533,449.659,48.3083,459.533,499.672,419.394,-6.44522,-4.87839,-1.56683,62.8185,73.6081,17.0064
2026-02-05,397.21,456.967,448.603,46.4857,456.967,495.549,418.386,-6.79205,-5.26113,-1.53093,37.9218,59.8724,16.3095
2026-02-06,411.11,455.479,447.545,42.2404,455.479,494.649,416.31,-8.25876,-5.86065,-2.39811,24.1026,41.6143,16.7902
2026-02-09,417.32,452.274,444.85,48.1889,452.274,492.275,412.272,-10.0157,-6.69167,-3.32408,16.0513,26.0252,16.9824
2026-02-10,425.21,449.785,443.573,41.8095,449.785,488.448,411.123,-10.1693,-7.3872,-2.78211,4.36018,14.838,17.4043
2026-02-11,428.27,447.817,444.124,41.3215,447.817,482.11,413.524,-9.67838,-7.84543,-1.83294,25.7674,15.393,16.6669
2026-02-12,417.07,445.992,444.594,43.3388,445.992,475.625,416.359,-8.55405,-7.98716,-0.56689,5.96716,12.0316,16.371
2026-02-13,417.44,443.482,443.7,47.4227,443.482,467.264,419.7,-7.33157,-7.85604,0.524467,3.75447,11.8297,16.5345
2026-02-17,410.63,441.267,442.481,49.1166,441.267,460.672,421.863,-7.18372,-7.72158,0.537859,15.3562,8.35928,16.5178
2026-02-18,411.32,439.858,441.431,48.3689,439.858,457.756,421.961,-6.95648,-7.56856,0.612075,27.7245,15.6117,15.8994
2026-02-19,411.71,437.965,439.062,45.0143,437.965,457.255,418.675,-7.24243,-7.50333,0.2609,33.0289,25.3699,15.6908
2026-02-20,411.82,437,438.238,44.7511,437,455.765,418.234,-7.32886,-7.46844,0.139579,33.7771,31.5102,15.1208
